time,open,high,low,close,Volume
2025-03-13T11:30:00-03:00,1325.58,1334.31,1325.58,1332.15,156
2025-03-13T11:45:00-03:00,1330.34,1332.62,1325.91,1325.91,79
2025-03-13T12:00:00-03:00,1326.62,1326.62,1320.0,1321.26,29
2025-03-13T12:15:00-03:00,1324.7,1327.75,1324.48,1325.0,84
2025-03-13T12:30:00-03:00,1325.58,1325.58,1323.03,1323.03,4
2025-03-13T12:45:00-03:00,1322.89,1327.18,1319.19,1319.19,114
2025-03-13T13:00:00-03:00,1321.05,1326.09,1321.05,1326.09,7
2025-03-13T13:15:00-03:00,1323.05,1325.63,1322.55,1324.7,46
2025-03-13T13:30:00-03:00,1324.7,1326.67,1321.67,1326.67,63
2025-03-13T13:45:00-03:00,1324.41,1324.41,1322.06,1322.25,14
2025-03-13T14:00:00-03:00,1323.66,1323.66,1320.0,1321.53,6
2025-03-13T14:15:00-03:00,1317.5,1317.5,1313.04,1315.0,57
2025-03-13T14:30:00-03:00,1314.15,1316.43,1312.8,1312.8,34
2025-03-13T14:45:00-03:00,1316.47,1316.47,1315.7,1315.89,7
2025-03-13T15:00:00-03:00,1316.33,1316.69,1314.87,1315.97,22
2025-03-13T15:15:00-03:00,1315.81,1315.81,1314.15,1315.76,12
2025-03-13T15:30:00-03:00,1316.26,1317.14,1315.76,1317.14,7
2025-03-13T15:45:00-03:00,1316.88,1319.03,1316.88,1318.24,139
2025-03-13T16:00:00-03:00,1320.53,1320.53,1317.45,1317.45,5
2025-03-13T16:15:00-03:00,1318.34,1318.34,1312.7,1312.7,31
2025-03-13T16:30:00-03:00,1312.0,1312.0,1308.43,1310.6,53
2025-03-13T16:45:00-03:00,1311.93,1314.21,1310.12,1311.73,424
2025-03-14T10:30:00-03:00,1318.28,1329.9,1317.42,1329.9,87
2025-03-14T10:45:00-03:00,1335.0,1339.67,1327.23,1328.06,19
2025-03-14T11:00:00-03:00,1325.04,1326.76,1318.79,1318.79,100
2025-03-14T11:15:00-03:00,1315.38,1320.6,1315.38,1317.0,67
2025-03-14T11:30:00-03:00,1319.81,1326.02,1317.71,1326.02,19
2025-03-14T11:45:00-03:00,1322.02,1326.67,1322.02,1324.925,159
2025-03-14T12:00:00-03:00,1328.02,1328.31,1321.7,1321.93,12
2025-03-14T12:15:00-03:00,1324.0,1325.0,1321.455,1321.455,4
2025-03-14T12:30:00-03:00,1323.98,1326.24,1321.5,1323.03,77
2025-03-14T12:45:00-03:00,1323.385,1323.385,1317.59,1317.95,202
2025-03-14T13:00:00-03:00,1317.59,1317.99,1312.59,1314.19,129
2025-03-14T13:15:00-03:00,1312.0,1312.72,1308.0,1308.0,84
2025-03-14T13:30:00-03:00,1308.5,1310.0,1307.29,1308.92,71
2025-03-14T13:45:00-03:00,1308.98,1314.6,1308.86,1314.6,20
2025-03-14T14:00:00-03:00,1314.57,1316.9,1313.6,1315.62,22
2025-03-14T14:15:00-03:00,1316.2,1316.61,1315.24,1316.04,13
2025-03-14T14:30:00-03:00,1316.29,1320.73,1316.29,1317.01,87
2025-03-14T14:45:00-03:00,1318.76,1318.9,1315.0,1316.365,26
2025-03-14T15:00:00-03:00,1318.11,1319.305,1318.11,1319.305,25
2025-03-14T15:15:00-03:00,1317.0,1317.0,1313.51,1314.38,18
2025-03-14T15:30:00-03:00,1313.77,1316.24,1313.77,1316.24,5
2025-03-14T15:45:00-03:00,1318.02,1318.06,1314.09,1314.09,15
2025-03-14T16:00:00-03:00,1314.98,1314.98,1313.56,1314.11,6
2025-03-14T16:15:00-03:00,1313.86,1313.86,1310.0,1310.4,32
2025-03-14T16:30:00-03:00,1310.005,1313.01,1309.14,1311.12,61
2025-03-14T16:45:00-03:00,1310.0,1317.98,1308.27,1315.605,191
2025-03-17T10:30:00-03:00,1328.69,1340.0,1328.69,1340.0,38
2025-03-17T10:45:00-03:00,1345.0,1347.49,1340.11,1347.49,80
2025-03-17T11:00:00-03:00,1346.93,1347.39,1341.91,1341.91,132
2025-03-17T11:15:00-03:00,1341.57,1344.36,1341.57,1343.25,67
2025-03-17T11:30:00-03:00,1345.12,1346.24,1336.27,1336.27,188
2025-03-17T11:45:00-03:00,1337.21,1337.21,1335.01,1335.01,13
2025-03-17T12:00:00-03:00,1338.5,1339.72,1335.69,1335.69,35
2025-03-17T12:15:00-03:00,1338.13,1338.81,1335.0,1337.22,71
2025-03-17T12:30:00-03:00,1337.22,1337.22,1328.74,1328.74,45
2025-03-17T12:45:00-03:00,1330.3,1331.74,1328.49,1328.61,215
2025-03-17T13:00:00-03:00,1328.93,1331.46,1328.93,1331.46,49
2025-03-17T13:15:00-03:00,1328.51,1328.51,1326.97,1326.97,16
2025-03-17T13:30:00-03:00,1327.6,1327.6,1324.08,1324.08,110
2025-03-17T13:45:00-03:00,1323.51,1328.18,1323.51,1328.18,17
2025-03-17T14:00:00-03:00,1325.03,1326.58,1322.93,1326.58,16
2025-03-17T14:15:00-03:00,1325.33,1325.33,1323.655,1323.655,10
2025-03-17T14:30:00-03:00,1325.16,1328.27,1324.18,1325.84,65
2025-03-17T14:45:00-03:00,1328.5,1328.5,1324.27,1324.29,39
2025-03-17T15:00:00-03:00,1322.38,1323.17,1322.09,1323.17,20
2025-03-17T15:15:00-03:00,1322.44,1323.53,1322.44,1322.79,8
2025-03-17T15:30:00-03:00,1323.35,1325.0,1322.7,1322.7,172
2025-03-17T15:45:00-03:00,1321.89,1325.59,1321.57,1323.84,44
2025-03-17T16:00:00-03:00,1323.45,1323.84,1319.22,1320.0,47
2025-03-17T16:15:00-03:00,1320.65,1324.8,1320.65,1324.8,52
2025-03-17T16:30:00-03:00,1323.04,1324.9,1320.97,1321.7,55
2025-03-17T16:45:00-03:00,1323.76,1325.39,1313.69,1315.56,500
2025-03-18T10:30:00-03:00,1311.58,1314.695,1304.11,1313.27,97
2025-03-18T10:45:00-03:00,1307.0,1307.0,1302.77,1303.3,98
2025-03-18T11:00:00-03:00,1308.0,1308.0,1308.0,1308.0,5
2025-03-18T11:15:00-03:00,1310.6,1313.67,1308.3,1313.67,119
2025-03-18T11:30:00-03:00,1314.45,1314.45,1314.45,1314.45,3
2025-03-18T11:45:00-03:00,1310.0,1311.01,1308.295,1311.01,13
2025-03-18T12:00:00-03:00,1309.0,1309.29,1306.86,1309.29,24
2025-03-18T12:15:00-03:00,1306.97,1312.65,1306.97,1312.63,37
2025-03-18T12:30:00-03:00,1310.99,1313.08,1310.79,1313.08,11
2025-03-18T12:45:00-03:00,1313.08,1313.78,1310.79,1310.79,24
2025-03-18T13:00:00-03:00,1313.81,1317.21,1313.81,1317.21,18
2025-03-18T13:15:00-03:00,1314.19,1315.41,1313.45,1315.0,43
2025-03-18T13:30:00-03:00,1316.595,1316.595,1313.49,1313.49,22
2025-03-18T13:45:00-03:00,1315.79,1316.07,1313.83,1313.92,113
2025-03-18T14:00:00-03:00,1314.31,1314.32,1311.41,1311.41,17
2025-03-18T14:30:00-03:00,1315.23,1316.89,1315.23,1316.89,16
2025-03-18T14:45:00-03:00,1316.28,1316.28,1314.15,1314.15,14
2025-03-18T15:00:00-03:00,1312.56,1312.56,1311.13,1312.0,23
2025-03-18T15:15:00-03:00,1311.73,1312.31,1311.73,1312.31,9
2025-03-18T15:30:00-03:00,1312.08,1313.805,1310.56,1310.56,67
2025-03-18T15:45:00-03:00,1315.82,1315.82,1313.94,1315.25,6
2025-03-18T16:00:00-03:00,1311.73,1311.81,1309.07,1310.0,57
2025-03-18T16:15:00-03:00,1313.24,1313.24,1311.05,1311.74,30
2025-03-18T16:30:00-03:00,1312.21,1317.48,1312.21,1313.93,75
2025-03-18T16:45:00-03:00,1315.99,1317.19,1313.51,1313.62,1040
2025-03-19T10:30:00-03:00,1307.23,1307.45,1301.045,1301.045,56
2025-03-19T10:45:00-03:00,1300.55,1309.65,1300.41,1305.0,110
2025-03-19T11:00:00-03:00,1305.25,1349.32,1305.25,1337.885,1407
2025-03-19T11:15:00-03:00,1337.26,1353.54,1337.26,1341.01,912
2025-03-19T11:30:00-03:00,1340.285,1340.285,1326.525,1326.525,106
2025-03-19T11:45:00-03:00,1325.73,1326.12,1318.96,1318.96,88
2025-03-19T12:00:00-03:00,1315.22,1315.22,1307.92,1308.35,34
2025-03-19T12:15:00-03:00,1309.4,1309.4,1305.25,1305.25,15
2025-03-19T12:30:00-03:00,1306.61,1309.64,1306.61,1307.31,5
2025-03-19T13:00:00-03:00,1305.04,1305.04,1305.04,1305.04,1
2025-03-19T13:15:00-03:00,1307.075,1316.01,1307.075,1316.01,132
2025-03-19T13:30:00-03:00,1314.54,1314.75,1311.14,1314.44,212
2025-03-19T13:45:00-03:00,1314.01,1316.76,1314.0,1314.0,47
2025-03-19T14:00:00-03:00,1314.0,1314.1,1312.59,1314.1,31
2025-03-19T14:15:00-03:00,1313.4,1313.68,1313.335,1313.335,15
2025-03-19T14:30:00-03:00,1315.0,1315.0,1311.73,1311.73,29
2025-03-19T14:45:00-03:00,1311.73,1311.73,1310.39,1311.55,28
2025-03-19T15:00:00-03:00,1310.89,1320.21,1309.78,1320.21,36
2025-03-19T15:15:00-03:00,1320.72,1320.72,1320.72,1320.72,2
2025-03-19T15:30:00-03:00,1318.42,1324.78,1318.0,1324.78,66
2025-03-19T15:45:00-03:00,1324.615,1328.13,1320.15,1320.15,13
2025-03-19T16:00:00-03:00,1324.45,1330.46,1324.45,1327.82,20
2025-03-19T16:15:00-03:00,1327.72,1327.72,1323.94,1326.37,54
2025-03-19T16:30:00-03:00,1326.21,1327.4,1323.0,1327.35,264
2025-03-19T16:45:00-03:00,1326.47,1328.05,1319.81,1328.05,515
2025-03-20T10:30:00-03:00,1324.99,1331.085,1324.99,1326.04,122
2025-03-20T10:45:00-03:00,1326.3,1330.94,1326.23,1330.94,14
2025-03-20T11:00:00-03:00,1331.55,1331.55,1321.99,1321.99,97
2025-03-20T11:15:00-03:00,1322.04,1330.83,1319.98,1330.71,149
2025-03-20T11:30:00-03:00,1335.37,1335.37,1330.31,1330.31,150
2025-03-20T11:45:00-03:00,1329.55,1329.8,1329.55,1329.8,6
2025-03-20T12:00:00-03:00,1331.34,1331.34,1331.34,1331.34,57
2025-03-20T12:15:00-03:00,1330.0,1330.0,1327.0,1329.31,52
2025-03-20T12:30:00-03:00,1330.19,1330.71,1324.85,1330.71,446
2025-03-20T12:45:00-03:00,1333.61,1335.0,1328.27,1328.27,282
2025-03-20T13:00:00-03:00,1330.65,1330.65,1326.32,1326.98,53
2025-03-20T13:15:00-03:00,1326.36,1326.71,1326.28,1326.45,14
2025-03-20T13:30:00-03:00,1326.0,1326.0,1323.02,1323.02,15
2025-03-20T13:45:00-03:00,1322.32,1323.65,1319.04,1323.65,171
2025-03-20T14:15:00-03:00,1320.32,1320.87,1318.37,1318.37,31
2025-03-20T14:30:00-03:00,1318.37,1318.37,1317.39,1317.39,3
2025-03-20T14:45:00-03:00,1318.5,1318.5,1315.53,1315.53,27
2025-03-20T15:00:00-03:00,1316.18,1319.2,1316.1,1319.2,99
2025-03-20T15:15:00-03:00,1318.27,1318.27,1318.27,1318.27,1
2025-03-20T15:30:00-03:00,1316.98,1319.04,1316.98,1317.97,45
2025-03-20T15:45:00-03:00,1318.99,1322.09,1317.33,1317.33,60
2025-03-20T16:00:00-03:00,1320.13,1320.13,1320.13,1320.13,11
2025-03-20T16:15:00-03:00,1319.0,1319.36,1315.74,1316.66,88
2025-03-20T16:30:00-03:00,1318.17,1319.36,1313.08,1314.33,281
2025-03-20T16:45:00-03:00,1315.86,1317.24,1312.67,1316.22,681
2025-03-21T10:30:00-03:00,1312.53,1312.53,1312.53,1312.53,21
2025-03-21T10:45:00-03:00,1312.36,1318.18,1312.36,1318.18,13
2025-03-21T11:00:00-03:00,1315.76,1315.76,1313.53,1313.53,45
2025-03-21T11:15:00-03:00,1314.1,1315.03,1314.03,1315.0,25
2025-03-21T11:30:00-03:00,1315.0,1315.0,1315.0,1315.0,1
2025-03-21T11:45:00-03:00,1315.49,1318.99,1315.49,1318.99,38
2025-03-21T12:00:00-03:00,1318.98,1321.2,1318.98,1321.2,3
2025-03-21T12:15:00-03:00,1321.2,1321.2,1317.99,1317.99,30
2025-03-21T12:30:00-03:00,1315.89,1316.21,1309.03,1310.04,25
2025-03-21T12:45:00-03:00,1309.49,1310.69,1308.07,1310.69,31
2025-03-21T13:15:00-03:00,1312.26,1312.27,1311.67,1311.67,3
2025-03-21T13:30:00-03:00,1312.64,1314.42,1311.26,1313.43,52
2025-03-21T13:45:00-03:00,1311.62,1312.17,1309.17,1309.17,21
2025-03-21T14:00:00-03:00,1306.81,1307.0,1305.0,1305.0,21
2025-03-21T14:15:00-03:00,1302.0,1302.0,1300.0,1300.0,34
2025-03-21T14:30:00-03:00,1301.71,1303.0,1300.67,1303.0,35
2025-03-21T14:45:00-03:00,1302.33,1302.33,1295.0,1295.0,156
2025-03-21T15:00:00-03:00,1295.0,1297.79,1295.0,1297.77,79
2025-03-21T15:15:00-03:00,1295.94,1295.94,1292.47,1292.47,17
2025-03-21T15:30:00-03:00,1296.4,1299.32,1294.47,1299.32,124
2025-03-21T15:45:00-03:00,1299.01,1303.96,1298.32,1303.96,25
2025-03-21T16:00:00-03:00,1300.36,1300.36,1295.91,1295.91,191
2025-03-21T16:15:00-03:00,1299.06,1299.81,1297.04,1298.29,63
2025-03-21T16:30:00-03:00,1300.61,1302.51,1300.61,1300.77,84
2025-03-21T16:45:00-03:00,1302.24,1303.92,1296.5,1296.5,1147
2025-03-24T10:30:00-03:00,1314.235,1317.57,1308.57,1315.57,392
2025-03-24T10:45:00-03:00,1318.99,1318.99,1318.0,1318.0,36
2025-03-24T11:00:00-03:00,1319.12,1319.12,1319.12,1319.12,2
2025-03-24T11:15:00-03:00,1319.84,1322.87,1319.52,1319.78,56
2025-03-24T11:30:00-03:00,1318.99,1319.33,1316.1,1319.11,223
2025-03-24T11:45:00-03:00,1321.13,1329.0,1321.13,1326.28,137
2025-03-24T12:00:00-03:00,1329.27,1331.81,1328.74,1330.61,17
2025-03-24T12:15:00-03:00,1330.21,1330.23,1330.21,1330.23,2
2025-03-24T12:30:00-03:00,1330.78,1331.78,1329.76,1331.78,13
2025-03-24T12:45:00-03:00,1329.8,1330.7,1328.59,1329.0,82
2025-03-24T13:00:00-03:00,1329.0,1330.44,1327.69,1330.44,71
2025-03-24T13:15:00-03:00,1329.06,1329.06,1326.49,1326.49,22
2025-03-24T13:30:00-03:00,1324.19,1324.19,1321.73,1321.73,13
2025-03-24T13:45:00-03:00,1319.24,1319.24,1318.97,1318.97,13
2025-03-24T14:00:00-03:00,1314.58,1314.58,1314.58,1314.58,1
2025-03-24T14:15:00-03:00,1314.83,1314.83,1309.33,1309.52,43
2025-03-24T14:30:00-03:00,1309.49,1310.0,1300.0,1300.0,467
2025-03-24T14:45:00-03:00,1299.835,1301.69,1299.835,1301.02,41
2025-03-24T15:00:00-03:00,1298.99,1299.1,1295.9,1296.09,15
2025-03-24T15:15:00-03:00,1295.87,1295.87,1289.06,1289.06,45
2025-03-24T15:30:00-03:00,1287.92,1289.8,1284.74,1286.08,538
2025-03-24T15:45:00-03:00,1284.07,1284.65,1278.0,1278.5,243
2025-03-24T16:00:00-03:00,1277.71,1280.01,1275.0,1275.0,334
2025-03-24T16:15:00-03:00,1276.52,1278.18,1272.695,1277.72,175
2025-03-24T16:30:00-03:00,1279.56,1281.67,1278.84,1281.0,68
2025-03-24T16:45:00-03:00,1282.78,1286.59,1279.47,1283.68,687
2025-03-25T10:30:00-03:00,1294.2,1301.14,1294.2,1299.07,206
2025-03-25T10:45:00-03:00,1298.85,1298.85,1294.68,1295.36,57
2025-03-25T11:00:00-03:00,1296.04,1297.02,1295.24,1295.24,20
2025-03-25T11:15:00-03:00,1295.02,1295.9,1293.37,1293.37,30
2025-03-25T11:30:00-03:00,1290.06,1291.3,1288.55,1289.67,22
2025-03-25T11:45:00-03:00,1290.04,1291.94,1290.04,1291.94,12
2025-03-25T12:00:00-03:00,1293.86,1293.86,1292.0,1292.0,4
2025-03-25T12:15:00-03:00,1293.77,1293.77,1288.69,1291.19,32
2025-03-25T12:30:00-03:00,1288.73,1292.07,1288.73,1292.07,3
2025-03-25T12:45:00-03:00,1290.15,1290.25,1285.0,1289.69,103
2025-03-25T13:00:00-03:00,1287.19,1287.19,1287.19,1287.19,4
2025-03-25T13:15:00-03:00,1288.59,1288.59,1287.25,1287.25,9
2025-03-25T13:30:00-03:00,1287.89,1287.89,1285.98,1285.98,6
2025-03-25T13:45:00-03:00,1287.12,1287.12,1285.0,1285.0,19
2025-03-25T14:00:00-03:00,1285.9,1286.03,1284.26,1285.8,18
2025-03-25T14:30:00-03:00,1285.0,1285.0,1282.79,1282.79,56
2025-03-25T14:45:00-03:00,1283.4,1283.4,1279.16,1279.985,39
2025-03-25T15:00:00-03:00,1279.98,1279.985,1279.98,1279.985,6
2025-03-25T15:15:00-03:00,1278.9,1278.9,1278.9,1278.9,4
2025-03-25T15:30:00-03:00,1277.82,1277.82,1271.36,1271.36,224
2025-03-25T15:45:00-03:00,1270.99,1271.15,1267.82,1268.32,52
2025-03-25T16:00:00-03:00,1269.5,1273.28,1269.31,1273.28,79
2025-03-25T16:15:00-03:00,1273.33,1277.86,1273.3,1276.0,211
2025-03-25T16:30:00-03:00,1280.95,1282.53,1278.89,1282.09,81
2025-03-25T16:45:00-03:00,1285.0,1296.87,1284.17,1294.71,673
2025-03-26T10:30:00-03:00,1300.0,1300.0,1296.36,1296.36,2
2025-03-26T10:45:00-03:00,1296.44,1300.68,1296.44,1297.995,44
2025-03-26T11:00:00-03:00,1297.57,1298.0,1297.57,1298.0,2
2025-03-26T11:15:00-03:00,1295.11,1295.11,1287.71,1289.93,72
2025-03-26T11:30:00-03:00,1290.48,1295.48,1290.48,1295.48,93
2025-03-26T11:45:00-03:00,1295.48,1296.72,1295.0,1295.0,65
2025-03-26T12:00:00-03:00,1296.42,1298.0,1295.48,1295.48,35
2025-03-26T12:15:00-03:00,1296.0,1296.0,1295.0,1295.43,35
2025-03-26T12:30:00-03:00,1295.26,1296.4,1295.26,1296.4,19
2025-03-26T12:45:00-03:00,1296.09,1296.5,1296.09,1296.5,15
2025-03-26T13:00:00-03:00,1296.4,1300.0,1296.4,1300.0,216
2025-03-26T13:15:00-03:00,1302.0,1302.68,1302.0,1302.68,7
2025-03-26T13:30:00-03:00,1304.72,1304.72,1304.72,1304.72,10
2025-03-26T13:45:00-03:00,1302.85,1302.99,1298.01,1300.83,61
2025-03-26T14:15:00-03:00,1299.0,1299.0,1296.4,1296.4,13
2025-03-26T14:30:00-03:00,1298.0,1298.0,1296.89,1297.58,11
2025-03-26T15:00:00-03:00,1297.69,1298.59,1297.69,1298.59,14
2025-03-26T15:15:00-03:00,1301.11,1301.11,1301.11,1301.11,3
2025-03-26T15:30:00-03:00,1301.58,1301.58,1298.56,1298.56,58
2025-03-26T15:45:00-03:00,1296.5,1298.0,1296.4,1297.7,123
2025-03-26T16:00:00-03:00,1299.0,1299.0,1296.84,1296.84,98
2025-03-26T16:15:00-03:00,1299.65,1299.65,1299.53,1299.53,2
2025-03-26T16:30:00-03:00,1299.53,1299.53,1298.13,1298.9,38
2025-03-26T16:45:00-03:00,1300.01,1300.77,1296.96,1299.2,529
2025-03-27T10:30:00-03:00,1309.49,1309.49,1304.82,1307.48,68
2025-03-27T10:45:00-03:00,1305.495,1311.0,1305.495,1311.0,34
2025-03-27T11:00:00-03:00,1313.81,1317.4,1309.39,1313.78,155
2025-03-27T11:15:00-03:00,1317.21,1327.79,1317.21,1326.94,53
2025-03-27T11:30:00-03:00,1330.0,1330.0,1327.07,1329.08,19
2025-03-27T11:45:00-03:00,1328.05,1330.98,1327.0,1327.0,156
2025-03-27T12:00:00-03:00,1324.22,1325.2,1321.92,1322.0,175
2025-03-27T12:15:00-03:00,1321.06,1322.72,1319.56,1321.07,62
2025-03-27T12:30:00-03:00,1316.98,1317.41,1311.57,1314.18,126
2025-03-27T12:45:00-03:00,1315.0,1320.23,1315.0,1316.54,557
2025-03-27T13:00:00-03:00,1319.14,1320.15,1319.14,1320.01,41
2025-03-27T13:15:00-03:00,1318.8,1318.96,1318.8,1318.96,12
2025-03-27T13:30:00-03:00,1317.32,1317.32,1315.0,1315.19,674
2025-03-27T13:45:00-03:00,1315.23,1316.6,1315.0,1316.17,408
2025-03-27T14:00:00-03:00,1316.09,1317.44,1316.05,1316.71,34
2025-03-27T14:15:00-03:00,1317.48,1317.48,1314.8,1315.0,418
2025-03-27T14:30:00-03:00,1315.01,1318.01,1313.62,1313.62,140
2025-03-27T14:45:00-03:00,1312.59,1312.59,1300.97,1303.95,119
2025-03-27T15:00:00-03:00,1301.95,1305.34,1301.9,1305.34,69
2025-03-27T15:15:00-03:00,1305.33,1306.0,1303.21,1303.21,10
2025-03-27T15:30:00-03:00,1303.0,1304.71,1303.0,1304.15,35
2025-03-27T15:45:00-03:00,1305.33,1314.69,1304.25,1306.5,408
2025-03-27T16:00:00-03:00,1307.6,1313.23,1307.6,1313.23,50
2025-03-27T16:15:00-03:00,1314.02,1316.59,1312.08,1313.83,311
2025-03-27T16:30:00-03:00,1313.0,1317.48,1312.45,1314.28,127
2025-03-27T16:45:00-03:00,1315.05,1318.36,1311.89,1315.0,434
2025-03-28T10:30:00-03:00,1320.95,1324.87,1306.73,1322.33,408
2025-03-28T10:45:00-03:00,1325.115,1325.115,1316.96,1318.195,110
2025-03-28T11:00:00-03:00,1321.67,1324.66,1315.0,1315.0,59
2025-03-28T11:15:00-03:00,1315.15,1316.98,1312.35,1312.77,117
2025-03-28T11:30:00-03:00,1311.35,1312.165,1307.9,1308.755,272
2025-03-28T11:45:00-03:00,1310.14,1313.35,1308.75,1309.87,132
2025-03-28T12:00:00-03:00,1308.2,1311.55,1308.2,1310.55,89
2025-03-28T12:15:00-03:00,1309.05,1312.58,1309.05,1312.58,144
2025-03-28T12:30:00-03:00,1313.19,1316.98,1313.19,1316.98,14
2025-03-28T12:45:00-03:00,1315.91,1320.49,1315.0,1319.5,154
2025-03-28T13:00:00-03:00,1318.04,1323.99,1318.04,1322.54,155
2025-03-28T13:15:00-03:00,1318.15,1318.15,1315.69,1315.69,2
2025-03-28T13:45:00-03:00,1317.19,1317.36,1317.19,1317.36,12
2025-03-28T14:00:00-03:00,1315.89,1315.89,1315.89,1315.89,10
2025-03-28T14:15:00-03:00,1315.0,1316.67,1314.63,1316.3,23
2025-03-28T14:45:00-03:00,1317.18,1320.22,1317.18,1320.0,125
2025-03-28T15:00:00-03:00,1318.69,1318.69,1316.42,1316.44,7
2025-03-28T15:15:00-03:00,1316.06,1316.06,1310.0,1310.0,817
2025-03-28T15:30:00-03:00,1310.09,1310.09,1310.09,1310.09,2
2025-03-28T15:45:00-03:00,1310.89,1312.03,1308.42,1312.03,57
2025-03-28T16:00:00-03:00,1314.81,1323.36,1314.81,1323.36,21
2025-03-28T16:15:00-03:00,1322.43,1322.43,1322.31,1322.31,11
2025-03-28T16:30:00-03:00,1322.05,1324.02,1322.05,1324.02,43
2025-03-28T16:45:00-03:00,1325.91,1331.68,1325.6,1325.6,512
2025-03-31T10:30:00-03:00,1324.01,1339.0,1316.825,1339.0,243
2025-03-31T10:45:00-03:00,1340.09,1350.34,1340.09,1350.34,100
2025-03-31T11:00:00-03:00,1351.13,1351.13,1351.13,1351.13,5
2025-03-31T11:15:00-03:00,1351.125,1352.23,1349.8,1352.2,81
2025-03-31T11:30:00-03:00,1353.65,1357.64,1353.65,1353.91,36
2025-03-31T11:45:00-03:00,1354.08,1354.13,1350.31,1350.31,52
2025-03-31T12:00:00-03:00,1350.25,1354.27,1349.99,1354.13,190
2025-03-31T12:15:00-03:00,1349.77,1350.0,1344.0,1346.6,52
2025-03-31T12:30:00-03:00,1348.55,1350.0,1347.15,1349.27,30
2025-03-31T12:45:00-03:00,1349.42,1349.77,1344.04,1344.04,17
2025-03-31T13:00:00-03:00,1344.85,1346.7,1343.97,1346.24,240
2025-03-31T13:15:00-03:00,1346.31,1347.87,1344.49,1347.87,58
2025-03-31T13:30:00-03:00,1349.21,1352.36,1349.21,1351.71,47
2025-03-31T13:45:00-03:00,1348.8,1348.8,1347.46,1347.46,3
2025-03-31T14:00:00-03:00,1346.82,1356.12,1346.82,1354.0,178
2025-03-31T14:15:00-03:00,1353.82,1353.82,1345.9,1348.0,74
2025-03-31T14:30:00-03:00,1347.91,1348.64,1347.1,1348.64,18
2025-03-31T14:45:00-03:00,1345.9,1350.8,1345.9,1350.8,26
2025-03-31T15:00:00-03:00,1349.87,1355.0,1349.87,1355.0,3
2025-03-31T15:15:00-03:00,1354.44,1354.44,1354.44,1354.44,2
2025-03-31T15:30:00-03:00,1353.45,1353.65,1352.99,1352.99,61
2025-03-31T15:45:00-03:00,1355.0,1357.94,1353.055,1357.49,32
2025-03-31T16:00:00-03:00,1357.49,1363.11,1356.2,1363.11,170
2025-03-31T16:15:00-03:00,1366.0,1368.19,1362.38,1362.91,271
2025-03-31T16:30:00-03:00,1364.22,1364.22,1360.06,1362.26,297
2025-03-31T16:45:00-03:00,1359.39,1359.39,1346.87,1348.36,1052
2025-04-01T10:30:00-03:00,1346.27,1353.74,1345.0,1347.98,95
2025-04-01T10:45:00-03:00,1351.99,1354.5,1345.79,1345.79,42
2025-04-01T11:00:00-03:00,1349.4,1349.4,1340.0,1340.0,9
2025-04-01T11:15:00-03:00,1343.355,1352.23,1343.35,1343.35,108
2025-04-01T11:30:00-03:00,1347.01,1347.01,1345.48,1345.48,9
2025-04-01T11:45:00-03:00,1353.27,1367.0,1353.27,1367.0,32
2025-04-01T12:00:00-03:00,1368.57,1375.86,1366.74,1375.86,40
2025-04-01T12:15:00-03:00,1375.36,1378.6,1374.52,1374.52,45
2025-04-01T12:30:00-03:00,1372.75,1373.0,1371.93,1373.0,7
2025-04-01T12:45:00-03:00,1375.12,1379.95,1375.12,1378.05,293
2025-04-01T13:00:00-03:00,1379.98,1383.77,1379.98,1380.0,30
2025-04-01T13:15:00-03:00,1382.48,1382.48,1378.03,1378.03,9
2025-04-01T13:30:00-03:00,1375.66,1375.66,1373.72,1373.73,5
2025-04-01T13:45:00-03:00,1375.74,1375.74,1375.72,1375.72,4
2025-04-01T14:00:00-03:00,1377.63,1378.38,1374.33,1374.33,54
2025-04-01T14:15:00-03:00,1373.91,1373.91,1373.28,1373.28,4
2025-04-01T14:30:00-03:00,1373.38,1377.36,1373.32,1375.79,20
2025-04-01T14:45:00-03:00,1377.0,1377.0,1375.4,1375.69,7
2025-04-01T15:00:00-03:00,1375.03,1375.03,1371.86,1371.91,14
2025-04-01T15:30:00-03:00,1371.11,1372.23,1371.11,1371.7,30
2025-04-01T15:45:00-03:00,1369.84,1378.23,1369.84,1378.23,29
2025-04-01T16:00:00-03:00,1376.09,1376.18,1374.09,1376.18,17
2025-04-01T16:15:00-03:00,1376.8,1378.87,1376.8,1378.25,15
2025-04-01T16:30:00-03:00,1377.0,1377.0,1371.72,1371.72,67
2025-04-01T16:45:00-03:00,1377.0,1389.58,1377.0,1385.68,794
2025-04-02T10:30:00-03:00,1384.215,1384.215,1379.715,1381.0,113
2025-04-02T10:45:00-03:00,1379.59,1381.0,1374.0,1374.0,6
2025-04-02T11:00:00-03:00,1370.8,1371.1,1368.35,1371.1,22
2025-04-02T11:15:00-03:00,1374.03,1381.03,1373.03,1380.27,152
2025-04-02T11:30:00-03:00,1380.97,1380.97,1375.87,1376.055,41
2025-04-02T11:45:00-03:00,1379.66,1384.08,1377.51,1380.89,61
2025-04-02T12:00:00-03:00,1380.85,1383.24,1379.97,1382.73,53
2025-04-02T12:15:00-03:00,1382.08,1390.0,1381.51,1388.0,117
2025-04-02T12:30:00-03:00,1391.05,1392.44,1390.0,1390.0,27
2025-04-02T12:45:00-03:00,1389.49,1390.65,1389.4,1389.4,73
2025-04-02T13:00:00-03:00,1390.49,1390.77,1389.48,1389.66,40
2025-04-02T13:15:00-03:00,1390.45,1390.71,1389.48,1390.21,29
2025-04-02T13:30:00-03:00,1389.18,1389.18,1375.38,1379.35,131
2025-04-02T13:45:00-03:00,1378.61,1381.18,1378.61,1380.49,104
2025-04-02T14:00:00-03:00,1377.92,1383.27,1376.72,1383.27,148
2025-04-02T14:15:00-03:00,1384.63,1384.63,1382.13,1383.44,58
2025-04-02T14:30:00-03:00,1379.83,1379.83,1377.67,1379.71,15
2025-04-02T14:45:00-03:00,1378.63,1379.63,1376.32,1376.9,39
2025-04-02T15:00:00-03:00,1377.37,1379.27,1376.31,1377.69,58
2025-04-02T15:15:00-03:00,1379.2,1379.2,1375.19,1375.47,124
2025-04-02T15:30:00-03:00,1374.37,1382.27,1372.59,1382.27,135
2025-04-02T15:45:00-03:00,1382.49,1383.2,1376.03,1376.03,209
2025-04-02T16:00:00-03:00,1377.16,1381.03,1375.27,1378.29,16
2025-04-02T16:15:00-03:00,1381.64,1388.0,1381.64,1386.75,81
2025-04-02T16:30:00-03:00,1387.21,1390.32,1386.39,1388.77,110
2025-04-02T16:45:00-03:00,1392.56,1400.69,1390.01,1400.3,478
2025-04-03T10:30:00-03:00,1370.0,1380.0,1366.92,1373.51,68
2025-04-03T10:45:00-03:00,1373.575,1389.01,1365.23,1389.01,320
2025-04-03T11:00:00-03:00,1379.0,1379.0,1360.0,1360.0,45
2025-04-03T11:15:00-03:00,1356.0,1364.04,1356.0,1364.04,132
2025-04-03T11:30:00-03:00,1364.52,1381.67,1364.52,1376.29,330
2025-04-03T11:45:00-03:00,1375.0,1375.0,1370.72,1375.0,159
2025-04-03T12:00:00-03:00,1376.795,1390.55,1376.795,1390.55,447
2025-04-03T12:15:00-03:00,1392.29,1395.42,1391.74,1391.74,82
2025-04-03T12:30:00-03:00,1392.35,1395.1,1389.89,1391.09,380
2025-04-03T12:45:00-03:00,1393.65,1393.65,1383.46,1383.46,529
2025-04-03T13:00:00-03:00,1386.51,1386.51,1380.0,1380.0,450
2025-04-03T13:15:00-03:00,1384.45,1393.32,1384.45,1393.32,123
2025-04-03T13:30:00-03:00,1389.6,1389.6,1389.14,1389.14,2
2025-04-03T13:45:00-03:00,1389.16,1393.64,1388.0,1393.64,45
2025-04-03T14:00:00-03:00,1391.4,1392.66,1387.35,1391.17,141
2025-04-03T14:30:00-03:00,1393.07,1393.27,1393.06,1393.06,8
2025-04-03T14:45:00-03:00,1391.35,1391.35,1389.43,1389.43,247
2025-04-03T15:00:00-03:00,1390.39,1390.72,1388.53,1390.57,12
2025-04-03T15:15:00-03:00,1388.73,1390.71,1388.73,1390.71,2
2025-04-03T15:30:00-03:00,1392.62,1392.94,1388.48,1391.0,290
2025-04-03T15:45:00-03:00,1390.63,1393.21,1389.47,1393.21,8
2025-04-03T16:00:00-03:00,1391.025,1402.5,1391.025,1399.89,170
2025-04-03T16:15:00-03:00,1399.44,1400.86,1395.45,1400.86,60
2025-04-03T16:30:00-03:00,1400.77,1400.77,1393.28,1393.91,254
2025-04-03T16:45:00-03:00,1393.56,1394.01,1385.42,1389.68,601
2025-04-04T10:30:00-03:00,1370.0,1374.43,1363.18,1370.54,308
2025-04-04T10:45:00-03:00,1368.01,1375.0,1365.33,1375.0,105
2025-04-04T11:00:00-03:00,1374.2,1374.2,1358.94,1360.51,184
2025-04-04T11:15:00-03:00,1360.91,1360.91,1352.93,1352.93,13
2025-04-04T11:30:00-03:00,1356.12,1360.0,1352.22,1355.16,404
2025-04-04T11:45:00-03:00,1352.13,1360.155,1347.21,1360.155,570
2025-04-04T12:00:00-03:00,1371.91,1378.73,1370.6,1370.6,15
2025-04-04T12:15:00-03:00,1380.0,1380.23,1354.46,1355.36,65
2025-04-04T12:30:00-03:00,1355.0,1355.0,1354.14,1354.89,37
2025-04-04T12:45:00-03:00,1354.37,1359.23,1354.22,1358.51,251
2025-04-04T13:00:00-03:00,1360.37,1364.29,1355.66,1358.695,382
2025-04-04T13:15:00-03:00,1356.82,1358.42,1351.57,1351.57,29
2025-04-04T13:30:00-03:00,1350.0,1353.01,1346.54,1346.54,45
2025-04-04T13:45:00-03:00,1345.94,1346.65,1340.0,1340.0,93
2025-04-04T14:00:00-03:00,1340.0,1340.0,1331.33,1331.33,25
2025-04-04T14:15:00-03:00,1329.06,1333.14,1324.29,1333.14,206
2025-04-04T14:30:00-03:00,1332.36,1333.68,1326.75,1330.0,550
2025-04-04T14:45:00-03:00,1332.51,1334.8,1322.83,1332.21,67
2025-04-04T15:00:00-03:00,1330.2,1330.2,1324.9,1325.0,12
2025-04-04T15:15:00-03:00,1325.0,1326.76,1316.14,1316.14,52
2025-04-04T15:30:00-03:00,1317.13,1320.34,1311.62,1311.62,87
2025-04-04T15:45:00-03:00,1313.17,1319.74,1310.0,1314.94,311
2025-04-04T16:00:00-03:00,1315.94,1326.6,1312.0,1326.6,99
2025-04-04T16:15:00-03:00,1322.3,1332.1,1321.02,1321.02,112
2025-04-04T16:30:00-03:00,1328.0,1331.67,1326.39,1327.21,166
2025-04-04T16:45:00-03:00,1325.84,1328.11,1300.61,1306.875,373
2025-04-07T10:30:00-03:00,1270.0,1270.0,1226.21,1232.64,744
2025-04-07T10:45:00-03:00,1239.37,1256.76,1226.45,1256.76,852
2025-04-07T11:00:00-03:00,1259.0,1276.25,1243.64,1275.99,1501
2025-04-07T11:15:00-03:00,1298.0,1324.97,1279.18,1284.925,850
2025-04-07T11:30:00-03:00,1284.925,1293.87,1273.78,1277.84,116
2025-04-07T11:45:00-03:00,1281.905,1307.26,1281.905,1307.26,499
2025-04-07T12:00:00-03:00,1306.125,1312.27,1280.65,1280.65,157
2025-04-07T12:15:00-03:00,1275.73,1281.54,1271.89,1272.5,128
2025-04-07T12:30:00-03:00,1270.53,1284.09,1270.53,1284.09,117
2025-04-07T12:45:00-03:00,1280.0,1290.81,1280.0,1290.81,325
2025-04-07T13:00:00-03:00,1295.0,1300.0,1293.74,1294.08,173
2025-04-07T13:15:00-03:00,1297.03,1302.78,1293.04,1302.78,45
2025-04-07T13:30:00-03:00,1295.5,1302.67,1295.5,1300.49,4
2025-04-07T13:45:00-03:00,1295.6,1295.6,1285.03,1285.03,136
2025-04-07T14:00:00-03:00,1291.95,1294.29,1290.28,1293.97,210
2025-04-07T14:15:00-03:00,1298.01,1310.0,1298.01,1310.0,4
2025-04-07T14:30:00-03:00,1306.0,1319.39,1306.0,1313.7,115
2025-04-07T14:45:00-03:00,1316.97,1331.0,1316.97,1331.0,622
2025-04-07T15:00:00-03:00,1324.29,1324.29,1311.72,1316.17,47
2025-04-07T15:15:00-03:00,1317.2,1325.96,1313.0,1315.21,237
2025-04-07T15:30:00-03:00,1307.57,1310.6,1307.515,1307.515,115
2025-04-07T15:45:00-03:00,1301.92,1301.92,1282.3,1282.3,65
2025-04-07T16:00:00-03:00,1292.14,1295.6,1281.35,1281.35,150
2025-04-07T16:15:00-03:00,1290.97,1290.97,1276.35,1279.15,201
2025-04-07T16:30:00-03:00,1284.58,1290.29,1280.6,1286.27,277
2025-04-07T16:45:00-03:00,1288.49,1289.795,1278.0,1288.15,751
2025-04-08T10:30:00-03:00,1336.09,1337.17,1304.0,1323.61,813
2025-04-08T10:45:00-03:00,1323.41,1340.0,1319.71,1330.29,515
2025-04-08T11:00:00-03:00,1330.34,1349.15,1328.4,1349.15,251
2025-04-08T11:15:00-03:00,1345.85,1362.22,1345.85,1354.15,95
2025-04-08T11:30:00-03:00,1351.56,1361.31,1350.0,1359.11,255
2025-04-08T11:45:00-03:00,1356.62,1361.83,1356.62,1361.83,5
2025-04-08T12:00:00-03:00,1359.57,1361.68,1356.15,1357.07,300
2025-04-08T12:15:00-03:00,1359.84,1361.73,1350.32,1352.9,321
2025-04-08T12:30:00-03:00,1354.84,1356.91,1349.01,1354.73,323
2025-04-08T12:45:00-03:00,1351.41,1351.41,1343.58,1343.58,364
2025-04-08T13:00:00-03:00,1346.39,1347.22,1343.88,1343.88,29
2025-04-08T13:15:00-03:00,1339.61,1342.26,1334.99,1338.0,284
2025-04-08T13:30:00-03:00,1334.29,1334.29,1324.07,1326.24,143
2025-04-08T13:45:00-03:00,1327.55,1330.15,1319.99,1321.67,156
2025-04-08T14:00:00-03:00,1315.17,1315.17,1301.65,1303.01,80
2025-04-08T14:15:00-03:00,1305.91,1315.805,1305.91,1308.0,388
2025-04-08T14:30:00-03:00,1305.0,1318.43,1305.0,1318.43,149
2025-04-08T14:45:00-03:00,1312.63,1313.09,1312.63,1313.09,7
2025-04-08T15:00:00-03:00,1311.59,1311.88,1301.23,1306.09,241
2025-04-08T15:15:00-03:00,1308.09,1308.96,1299.99,1299.99,285
2025-04-08T15:30:00-03:00,1301.0,1309.57,1298.56,1299.87,264
2025-04-08T15:45:00-03:00,1303.52,1306.23,1300.17,1302.19,45
2025-04-08T16:00:00-03:00,1300.37,1300.74,1287.99,1287.99,281
2025-04-08T16:15:00-03:00,1284.66,1295.22,1283.01,1295.0,50
2025-04-08T16:30:00-03:00,1291.63,1291.64,1275.81,1278.0,385
2025-04-08T16:45:00-03:00,1278.045,1297.92,1276.515,1293.92,624
2025-04-09T10:30:00-03:00,1283.99,1289.3,1270.0,1289.3,233
2025-04-09T10:45:00-03:00,1284.23,1310.0,1278.69,1307.49,694
2025-04-09T11:00:00-03:00,1314.0,1320.0,1299.99,1300.5,185
2025-04-09T11:15:00-03:00,1305.63,1305.63,1300.0,1304.36,229
2025-04-09T11:30:00-03:00,1303.35,1310.24,1297.22,1301.4,154
2025-04-09T11:45:00-03:00,1298.68,1298.68,1282.02,1282.6,105
2025-04-09T12:00:00-03:00,1284.62,1294.03,1284.495,1289.07,148
2025-04-09T12:15:00-03:00,1288.86,1301.31,1288.86,1301.31,362
2025-04-09T12:30:00-03:00,1299.12,1299.12,1291.18,1291.35,244
2025-04-09T12:45:00-03:00,1296.63,1296.63,1288.54,1288.54,197
2025-04-09T13:00:00-03:00,1290.0,1294.98,1290.0,1294.98,26
2025-04-09T13:15:00-03:00,1295.87,1295.87,1295.635,1295.635,31
2025-04-09T13:30:00-03:00,1292.39,1300.23,1292.39,1295.64,42
2025-04-09T13:45:00-03:00,1297.42,1301.43,1294.82,1294.82,34
2025-04-09T14:00:00-03:00,1298.29,1301.21,1295.21,1295.69,26
2025-04-09T14:15:00-03:00,1293.07,1350.0,1290.0,1350.0,807
2025-04-09T14:30:00-03:00,1340.26,1371.12,1340.26,1350.0,370
2025-04-09T14:45:00-03:00,1363.18,1376.0,1363.18,1369.265,264
2025-04-09T15:00:00-03:00,1376.35,1379.15,1359.25,1360.15,268
2025-04-09T15:15:00-03:00,1359.79,1363.025,1359.63,1359.86,25
2025-04-09T15:30:00-03:00,1357.605,1359.63,1352.51,1352.51,29
2025-04-09T15:45:00-03:00,1345.0,1360.61,1345.0,1360.0,235
2025-04-09T16:00:00-03:00,1361.0,1370.0,1358.23,1370.0,465
2025-04-09T16:15:00-03:00,1365.14,1368.7,1361.97,1365.09,137
2025-04-09T16:30:00-03:00,1365.65,1370.915,1359.02,1359.21,235
2025-04-09T16:45:00-03:00,1356.41,1373.68,1356.41,1363.74,973
2025-04-10T10:30:00-03:00,1359.11,1381.77,1358.72,1371.87,216
2025-04-10T10:45:00-03:00,1374.87,1385.0,1373.11,1379.5,385
2025-04-10T11:00:00-03:00,1375.6,1393.22,1371.77,1392.17,428
2025-04-10T11:15:00-03:00,1395.01,1398.4,1391.06,1391.13,337
2025-04-10T11:30:00-03:00,1392.88,1409.0,1392.88,1396.84,153
2025-04-10T11:45:00-03:00,1392.89,1396.65,1389.55,1391.62,73
2025-04-10T12:00:00-03:00,1386.0,1390.79,1385.36,1390.79,115
2025-04-10T12:15:00-03:00,1379.66,1379.66,1367.29,1369.99,90
2025-04-10T12:30:00-03:00,1374.5,1374.5,1360.0,1360.0,73
2025-04-10T12:45:00-03:00,1365.845,1369.0,1365.845,1369.0,3
2025-04-10T13:00:00-03:00,1368.54,1368.54,1355.0,1355.0,35
2025-04-10T13:15:00-03:00,1360.0,1363.3,1359.0,1363.3,9
2025-04-10T13:30:00-03:00,1365.0,1375.0,1365.0,1370.05,250
2025-04-10T13:45:00-03:00,1371.31,1376.86,1367.26,1367.26,203
2025-04-10T14:00:00-03:00,1370.7,1380.0,1360.0,1360.0,170
2025-04-10T14:15:00-03:00,1360.0,1374.76,1360.0,1374.76,563
2025-04-10T14:30:00-03:00,1368.01,1371.595,1368.01,1371.12,38
2025-04-10T14:45:00-03:00,1376.57,1380.0,1368.83,1369.99,24
2025-04-10T15:00:00-03:00,1369.0,1385.16,1369.0,1376.26,40
2025-04-10T15:15:00-03:00,1380.0,1390.76,1380.0,1386.0,105
2025-04-10T15:30:00-03:00,1392.35,1400.0,1386.22,1386.31,363
2025-04-10T15:45:00-03:00,1384.69,1384.69,1375.21,1378.55,241
2025-04-10T16:00:00-03:00,1380.665,1389.125,1375.245,1375.78,307
2025-04-10T16:15:00-03:00,1375.0,1381.12,1369.16,1369.16,87
2025-04-10T16:30:00-03:00,1368.63,1377.27,1365.0,1374.0,859
2025-04-10T16:45:00-03:00,1375.17,1388.79,1371.74,1383.39,1502
2025-04-11T10:30:00-03:00,1389.97,1389.97,1377.0,1386.64,247
2025-04-11T10:45:00-03:00,1381.59,1390.0,1373.19,1373.19,195
2025-04-11T11:00:00-03:00,1370.0,1383.28,1370.0,1380.0,178
2025-04-11T11:15:00-03:00,1380.01,1380.01,1374.0,1374.0,14
2025-04-11T11:30:00-03:00,1366.43,1375.75,1366.43,1368.39,46
2025-04-11T11:45:00-03:00,1372.0,1374.63,1369.75,1370.74,37
2025-04-11T12:00:00-03:00,1369.58,1371.96,1362.17,1365.0,157
2025-04-11T12:15:00-03:00,1363.69,1374.11,1362.54,1374.11,115
2025-04-11T12:30:00-03:00,1370.58,1373.87,1369.96,1370.13,94
2025-04-11T12:45:00-03:00,1371.87,1377.03,1368.255,1377.03,104
2025-04-11T13:00:00-03:00,1379.98,1385.6,1379.78,1385.15,16
2025-04-11T13:15:00-03:00,1382.65,1389.1,1382.65,1389.1,122
2025-04-11T13:30:00-03:00,1392.01,1400.72,1392.01,1399.27,77
2025-04-11T13:45:00-03:00,1402.43,1406.81,1400.08,1400.08,27
2025-04-11T14:00:00-03:00,1398.0,1402.0,1393.26,1393.26,163
2025-04-11T14:15:00-03:00,1392.28,1393.0,1392.28,1392.28,3
2025-04-11T14:30:00-03:00,1396.0,1399.0,1391.955,1397.15,55
2025-04-11T14:45:00-03:00,1397.2,1397.2,1394.92,1394.92,16
2025-04-11T15:00:00-03:00,1393.78,1393.78,1388.62,1388.62,247
2025-04-11T15:15:00-03:00,1385.94,1385.94,1382.07,1384.97,129
2025-04-11T15:30:00-03:00,1386.09,1388.14,1383.84,1388.14,71
2025-04-11T15:45:00-03:00,1390.0,1392.71,1388.02,1391.71,291
2025-04-11T16:00:00-03:00,1389.14,1389.14,1386.57,1386.78,29
2025-04-11T16:15:00-03:00,1388.43,1396.0,1383.58,1394.0,254
2025-04-11T16:30:00-03:00,1393.01,1393.01,1390.47,1390.47,11
2025-04-11T16:45:00-03:00,1390.68,1399.4,1389.71,1399.4,744
2025-04-14T10:30:00-03:00,1413.3,1413.3,1396.0,1409.54,340
2025-04-14T10:45:00-03:00,1410.0,1410.0,1405.26,1405.51,74
2025-04-14T11:00:00-03:00,1409.42,1413.62,1409.27,1409.27,38
2025-04-14T11:15:00-03:00,1406.63,1413.48,1403.45,1410.25,200
2025-04-14T11:30:00-03:00,1414.45,1418.01,1409.95,1416.5,511
2025-04-14T11:45:00-03:00,1410.0,1415.21,1410.0,1415.21,4
2025-04-14T12:00:00-03:00,1407.59,1407.59,1407.59,1407.59,2
2025-04-14T12:15:00-03:00,1403.19,1408.41,1398.0,1398.0,53
2025-04-14T12:30:00-03:00,1401.8,1405.12,1395.84,1395.84,44
2025-04-14T12:45:00-03:00,1395.84,1401.55,1395.17,1401.55,28
2025-04-14T13:00:00-03:00,1399.61,1402.45,1399.41,1402.45,70
2025-04-14T13:15:00-03:00,1405.0,1412.22,1404.5,1410.0,82
2025-04-14T13:30:00-03:00,1413.55,1417.06,1413.03,1414.0,69
2025-04-14T13:45:00-03:00,1413.4,1413.4,1410.555,1410.555,171
2025-04-14T14:00:00-03:00,1411.06,1413.155,1405.81,1406.4,321
2025-04-14T14:15:00-03:00,1406.02,1409.0,1406.02,1408.82,310
2025-04-14T14:30:00-03:00,1406.37,1407.5,1406.0,1406.0,93
2025-04-14T14:45:00-03:00,1408.5,1409.72,1406.58,1407.76,101
2025-04-14T15:00:00-03:00,1407.49,1408.91,1403.94,1405.95,45
2025-04-14T15:15:00-03:00,1405.72,1407.22,1405.32,1406.72,10
2025-04-14T15:30:00-03:00,1407.44,1407.44,1403.81,1407.0,184
2025-04-14T15:45:00-03:00,1405.605,1406.12,1403.87,1404.98,32
2025-04-14T16:00:00-03:00,1406.12,1407.54,1404.99,1406.3,21
2025-04-14T16:15:00-03:00,1408.03,1409.63,1405.99,1408.31,157
2025-04-14T16:30:00-03:00,1410.5,1414.93,1409.32,1414.73,111
2025-04-14T16:45:00-03:00,1416.04,1417.32,1410.31,1417.18,573
2025-04-15T10:30:00-03:00,1423.28,1425.0,1406.97,1411.36,325
2025-04-15T10:45:00-03:00,1418.975,1425.38,1418.975,1425.38,163
2025-04-15T11:00:00-03:00,1425.0,1425.0,1423.79,1424.29,5
2025-04-15T11:15:00-03:00,1423.08,1423.08,1414.0,1414.0,95
2025-04-15T11:30:00-03:00,1413.39,1416.57,1413.39,1416.57,52
2025-04-15T11:45:00-03:00,1412.5,1413.91,1412.5,1413.57,9
2025-04-15T12:00:00-03:00,1413.9,1418.84,1413.605,1417.47,56
2025-04-15T12:15:00-03:00,1418.84,1419.09,1410.99,1410.99,223
2025-04-15T12:30:00-03:00,1411.0,1414.05,1410.08,1412.06,107
2025-04-15T12:45:00-03:00,1410.0,1412.0,1410.0,1411.69,176
2025-04-15T13:00:00-03:00,1413.0,1413.0,1406.67,1406.67,290
2025-04-15T13:15:00-03:00,1408.95,1410.5,1406.71,1408.29,108
2025-04-15T13:30:00-03:00,1406.71,1408.59,1405.85,1405.85,30
2025-04-15T13:45:00-03:00,1408.18,1409.21,1405.33,1405.33,37
2025-04-15T14:00:00-03:00,1407.22,1409.31,1405.89,1409.31,59
2025-04-15T14:15:00-03:00,1409.92,1411.0,1407.09,1408.56,46
2025-04-15T14:30:00-03:00,1408.18,1410.98,1406.4,1410.43,10
2025-04-15T14:45:00-03:00,1407.0,1407.98,1404.02,1404.02,17
2025-04-15T15:00:00-03:00,1406.79,1408.0,1406.29,1406.29,19
2025-04-15T15:15:00-03:00,1405.37,1409.24,1405.37,1408.99,20
2025-04-15T15:30:00-03:00,1411.25,1411.3,1408.93,1410.97,41
2025-04-15T15:45:00-03:00,1412.04,1412.04,1406.8,1406.8,43
2025-04-15T16:00:00-03:00,1407.48,1408.78,1407.48,1408.78,5
2025-04-15T16:15:00-03:00,1408.25,1412.965,1408.23,1409.09,47
2025-04-15T16:30:00-03:00,1408.79,1409.39,1403.79,1403.79,274
2025-04-15T16:45:00-03:00,1403.38,1408.97,1401.33,1402.44,1310
2025-04-16T10:30:00-03:00,1404.84,1411.23,1398.52,1405.0,221
2025-04-16T10:45:00-03:00,1405.0,1409.12,1402.6,1409.11,39
2025-04-16T11:00:00-03:00,1408.2,1408.2,1403.28,1403.28,11
2025-04-16T11:15:00-03:00,1405.03,1416.315,1403.39,1413.02,655
2025-04-16T11:30:00-03:00,1415.12,1418.91,1414.19,1416.74,428
2025-04-16T11:45:00-03:00,1420.97,1422.29,1409.58,1409.58,59
2025-04-16T12:00:00-03:00,1409.25,1413.62,1409.0,1412.08,74
2025-04-16T12:15:00-03:00,1414.25,1415.87,1414.25,1414.75,27
2025-04-16T12:30:00-03:00,1412.46,1416.01,1412.46,1414.42,18
2025-04-16T12:45:00-03:00,1412.23,1414.13,1410.0,1410.0,33
2025-04-16T13:00:00-03:00,1407.38,1407.52,1406.1,1406.97,14
2025-04-16T13:15:00-03:00,1409.23,1409.23,1405.98,1406.33,32
2025-04-16T13:30:00-03:00,1410.21,1410.21,1408.17,1408.17,2
2025-04-16T13:45:00-03:00,1406.67,1408.11,1404.26,1406.0,12
2025-04-16T14:00:00-03:00,1405.24,1405.95,1404.0,1404.0,62
2025-04-16T14:30:00-03:00,1404.71,1404.71,1400.0,1400.0,22
2025-04-16T14:45:00-03:00,1402.11,1402.11,1391.49,1391.49,46
2025-04-16T15:00:00-03:00,1394.16,1395.32,1388.48,1393.7,62
2025-04-16T15:15:00-03:00,1393.81,1393.81,1391.0,1391.825,14
2025-04-16T15:30:00-03:00,1393.17,1393.17,1393.17,1393.17,1
2025-04-16T15:45:00-03:00,1384.32,1392.55,1383.73,1392.55,79
2025-04-16T16:00:00-03:00,1392.13,1392.23,1390.0,1390.0,20
2025-04-16T16:15:00-03:00,1389.49,1392.47,1389.01,1390.4,71
2025-04-16T16:30:00-03:00,1391.49,1396.24,1391.49,1394.46,110
2025-04-16T16:45:00-03:00,1397.01,1403.02,1388.27,1395.62,613
2025-04-17T10:30:00-03:00,1406.11,1406.11,1400.0,1405.8,68
2025-04-17T10:45:00-03:00,1405.0,1405.01,1403.8,1405.01,26
2025-04-17T11:00:00-03:00,1406.4,1406.52,1406.02,1406.52,46
2025-04-17T11:30:00-03:00,1405.13,1408.27,1403.52,1404.01,40
2025-04-17T11:45:00-03:00,1403.83,1409.63,1403.51,1409.63,20
2025-04-17T12:00:00-03:00,1414.5,1418.02,1414.5,1418.01,173
2025-04-17T12:15:00-03:00,1419.51,1420.0,1418.04,1418.04,26
2025-04-17T12:30:00-03:00,1419.04,1422.54,1419.04,1422.54,13
2025-04-17T12:45:00-03:00,1420.15,1420.16,1416.57,1417.04,18
2025-04-17T13:00:00-03:00,1421.27,1423.9,1415.99,1415.99,195
2025-04-17T13:15:00-03:00,1417.46,1417.46,1412.76,1415.35,44
2025-04-17T13:30:00-03:00,1412.68,1417.96,1412.68,1413.66,69
2025-04-17T13:45:00-03:00,1412.88,1417.0,1412.88,1417.0,36
2025-04-17T14:00:00-03:00,1414.85,1414.85,1411.4,1411.4,2
2025-04-17T14:15:00-03:00,1411.17,1411.17,1411.17,1411.17,1
2025-04-17T14:30:00-03:00,1414.04,1414.04,1412.24,1412.24,11
2025-04-17T14:45:00-03:00,1415.35,1417.56,1415.35,1417.54,6
2025-04-17T15:00:00-03:00,1416.15,1420.01,1415.71,1420.01,50
2025-04-17T15:15:00-03:00,1418.15,1419.87,1418.15,1419.87,7
2025-04-17T15:30:00-03:00,1421.86,1425.73,1421.86,1424.77,82
2025-04-17T15:45:00-03:00,1425.25,1425.25,1425.25,1425.25,1
2025-04-17T16:00:00-03:00,1425.78,1430.0,1421.23,1421.23,114
2025-04-17T16:15:00-03:00,1421.23,1421.23,1413.26,1415.45,96
2025-04-17T16:30:00-03:00,1416.63,1420.66,1416.1,1420.46,90
2025-04-17T16:45:00-03:00,1421.34,1421.34,1411.22,1419.64,552
2025-04-21T10:30:00-03:00,1405.0,1417.66,1405.0,1415.44,91
2025-04-21T10:45:00-03:00,1414.39,1420.98,1414.39,1419.2,178
2025-04-21T11:00:00-03:00,1416.38,1416.38,1405.8,1407.82,124
2025-04-21T11:15:00-03:00,1403.64,1405.04,1403.64,1405.04,36
2025-04-21T11:30:00-03:00,1404.44,1404.44,1403.0,1403.0,11
2025-04-21T11:45:00-03:00,1401.39,1404.73,1393.07,1393.07,184
2025-04-21T12:00:00-03:00,1394.18,1394.675,1384.3,1389.115,212
2025-04-21T12:15:00-03:00,1386.0,1387.93,1384.45,1387.93,15
2025-04-21T12:45:00-03:00,1384.31,1387.18,1383.99,1384.87,315
2025-04-21T13:00:00-03:00,1387.35,1387.35,1384.13,1384.13,5
2025-04-21T13:15:00-03:00,1383.03,1384.04,1381.61,1383.65,79
2025-04-21T13:30:00-03:00,1381.25,1383.91,1373.6,1373.6,729
2025-04-21T13:45:00-03:00,1369.6,1369.63,1365.0,1365.98,10
2025-04-21T14:00:00-03:00,1362.77,1363.9,1355.0,1355.01,269
2025-04-21T14:15:00-03:00,1355.0,1359.39,1355.0,1356.04,21
2025-04-21T14:30:00-03:00,1355.01,1358.11,1355.01,1358.11,21
2025-04-21T14:45:00-03:00,1353.02,1353.02,1353.0,1353.0,6
2025-04-21T15:00:00-03:00,1355.3,1359.09,1355.3,1359.09,4
2025-04-21T15:15:00-03:00,1356.6,1362.42,1355.2,1360.19,41
2025-04-21T15:30:00-03:00,1360.19,1364.51,1356.61,1364.0,64
2025-04-21T15:45:00-03:00,1366.48,1366.59,1360.0,1362.25,373
2025-04-21T16:00:00-03:00,1361.25,1366.09,1361.25,1366.09,208
2025-04-21T16:15:00-03:00,1364.0,1367.48,1363.85,1364.43,201
2025-04-21T16:30:00-03:00,1364.81,1368.35,1364.81,1368.3,20
2025-04-21T16:45:00-03:00,1365.17,1367.6,1355.61,1361.39,870
2025-04-22T10:30:00-03:00,1375.66,1384.02,1374.76,1384.02,366
2025-04-22T10:45:00-03:00,1387.55,1387.55,1383.6,1383.6,2
2025-04-22T11:00:00-03:00,1381.31,1386.05,1375.33,1386.05,21
2025-04-22T11:15:00-03:00,1388.59,1395.04,1384.61,1385.92,116
2025-04-22T11:30:00-03:00,1385.92,1388.26,1380.09,1388.26,58
2025-04-22T11:45:00-03:00,1387.21,1396.52,1387.21,1396.52,50
2025-04-22T12:00:00-03:00,1400.0,1405.03,1391.4,1393.75,454
2025-04-22T12:15:00-03:00,1393.29,1393.29,1386.79,1386.79,104
2025-04-22T12:30:00-03:00,1388.0,1389.99,1385.69,1385.69,141
2025-04-22T12:45:00-03:00,1386.76,1387.37,1382.16,1382.16,160
2025-04-22T13:00:00-03:00,1385.95,1387.92,1381.86,1387.92,263
2025-04-22T13:15:00-03:00,1387.92,1388.0,1382.4,1382.71,361
2025-04-22T13:30:00-03:00,1388.07,1388.07,1387.51,1387.51,36
2025-04-22T13:45:00-03:00,1389.31,1389.31,1386.0,1386.45,32
2025-04-22T14:00:00-03:00,1384.72,1384.72,1384.72,1384.72,2
2025-04-22T14:15:00-03:00,1383.33,1383.33,1374.0,1374.0,297
2025-04-22T14:30:00-03:00,1373.15,1376.81,1373.15,1375.5,144
2025-04-22T14:45:00-03:00,1373.06,1373.06,1370.82,1370.82,27
2025-04-22T15:00:00-03:00,1370.0,1375.05,1368.76,1375.05,107
2025-04-22T15:15:00-03:00,1373.48,1375.0,1373.23,1375.0,110
2025-04-22T15:30:00-03:00,1375.08,1375.11,1373.77,1373.8,29
2025-04-22T15:45:00-03:00,1374.26,1376.3,1372.51,1373.06,240
2025-04-22T16:00:00-03:00,1372.55,1372.55,1372.35,1372.38,10
2025-04-22T16:15:00-03:00,1370.79,1370.79,1370.12,1370.12,4
2025-04-22T16:30:00-03:00,1370.27,1375.0,1368.79,1374.75,309
2025-04-22T16:45:00-03:00,1374.0,1375.0,1369.95,1369.95,635
2025-04-23T10:30:00-03:00,1396.79,1415.0,1394.0,1404.535,520
2025-04-23T10:45:00-03:00,1402.935,1406.445,1400.0,1400.235,271
2025-04-23T11:00:00-03:00,1401.53,1401.67,1396.73,1401.17,391
2025-04-23T11:15:00-03:00,1393.91,1399.925,1393.91,1399.925,61
2025-04-23T11:30:00-03:00,1404.44,1410.0,1404.44,1409.19,70
2025-04-23T11:45:00-03:00,1410.97,1411.0,1401.23,1401.23,186
2025-04-23T12:00:00-03:00,1400.7,1402.57,1397.88,1398.4,92
2025-04-23T12:15:00-03:00,1399.765,1399.765,1391.6,1391.6,224
2025-04-23T12:30:00-03:00,1395.17,1399.44,1391.59,1394.14,175
2025-04-23T12:45:00-03:00,1394.64,1397.69,1394.64,1397.52,87
2025-04-23T13:00:00-03:00,1395.31,1395.81,1389.99,1393.415,138
2025-04-23T13:15:00-03:00,1391.91,1392.89,1390.0,1392.89,113
2025-04-23T13:30:00-03:00,1393.91,1393.94,1393.91,1393.94,3
2025-04-23T13:45:00-03:00,1390.41,1391.79,1390.41,1390.94,33
2025-04-23T14:00:00-03:00,1390.0,1391.93,1389.0,1391.93,124
2025-04-23T14:15:00-03:00,1396.15,1396.15,1389.29,1389.29,73
2025-04-23T14:30:00-03:00,1389.47,1389.47,1381.99,1381.99,43
2025-04-23T14:45:00-03:00,1382.0,1383.52,1380.0,1383.49,130
2025-04-23T15:00:00-03:00,1383.8,1384.17,1380.8,1383.6,224
2025-04-23T15:15:00-03:00,1382.46,1383.965,1381.09,1381.09,5
2025-04-23T15:30:00-03:00,1383.74,1383.74,1381.02,1381.02,34
2025-04-23T15:45:00-03:00,1380.5,1381.5,1379.08,1380.2,13
2025-04-23T16:00:00-03:00,1377.81,1377.81,1377.81,1377.81,1
2025-04-23T16:15:00-03:00,1378.63,1383.41,1378.63,1381.0,83
2025-04-23T16:30:00-03:00,1381.0,1383.89,1379.0,1380.47,311
2025-04-23T16:45:00-03:00,1381.19,1395.64,1379.61,1390.98,718
2025-04-24T10:30:00-03:00,1394.37,1396.0,1380.0,1380.18,386
2025-04-24T10:45:00-03:00,1384.01,1395.73,1384.01,1395.0,260
2025-04-24T11:00:00-03:00,1388.07,1394.9,1386.11,1386.11,101
2025-04-24T11:15:00-03:00,1386.68,1405.01,1386.68,1405.01,198
2025-04-24T11:30:00-03:00,1409.0,1417.26,1409.0,1409.83,397
2025-04-24T11:45:00-03:00,1412.14,1415.0,1412.14,1415.0,22
2025-04-24T12:00:00-03:00,1416.24,1420.865,1416.24,1420.865,182
2025-04-24T12:15:00-03:00,1421.41,1422.75,1414.95,1414.99,37
2025-04-24T12:30:00-03:00,1414.94,1415.4,1414.94,1415.4,5
2025-04-24T12:45:00-03:00,1413.08,1414.61,1411.01,1414.61,16
2025-04-24T13:00:00-03:00,1415.34,1418.49,1412.48,1412.48,111
2025-04-24T13:15:00-03:00,1413.13,1413.13,1411.0,1412.295,52
2025-04-24T13:30:00-03:00,1412.84,1413.13,1401.34,1401.34,128
2025-04-24T13:45:00-03:00,1401.09,1401.09,1397.98,1400.975,21
2025-04-24T14:00:00-03:00,1401.0,1401.55,1395.83,1396.98,84
2025-04-24T14:15:00-03:00,1396.39,1396.39,1392.02,1392.275,141
2025-04-24T14:30:00-03:00,1392.25,1394.21,1389.195,1392.82,674
2025-04-24T14:45:00-03:00,1395.21,1397.57,1393.94,1397.02,47
2025-04-24T15:00:00-03:00,1395.19,1397.56,1394.11,1394.11,39
2025-04-24T15:15:00-03:00,1393.02,1394.61,1389.53,1389.85,304
2025-04-24T15:30:00-03:00,1389.97,1390.74,1385.88,1387.995,82
2025-04-24T15:45:00-03:00,1385.69,1391.83,1385.69,1388.61,50
2025-04-24T16:00:00-03:00,1388.52,1388.52,1384.9,1385.48,147
2025-04-24T16:15:00-03:00,1386.495,1394.48,1386.24,1392.63,408
2025-04-24T16:30:00-03:00,1395.06,1400.0,1391.0,1391.0,333
2025-04-24T16:45:00-03:00,1389.83,1395.62,1387.03,1387.03,1302
